BLEU	sacre_BLEU	sacre_CHRF2	sacre_TER
0.60	66.47	73.93	42.86
0.00	6.44	46.47	77.42
0.22	37.89	67.47	48.89
0.18	23.27	61.05	65.22
0.20	21.13	48.67	66.67
0.29	38.09	56.00	53.33
0.00	40.64	50.80	52.63
0.20	26.87	61.28	58.62
0.16	15.73	42.85	81.25
0.00	19.43	55.40	47.62
0.55	63.54	82.05	27.03
0.57	56.79	84.25	28.57
0.33	41.32	57.20	65.57
0.00	15.84	46.63	53.85
0.49	46.83	64.60	46.15
0.35	39.00	46.36	38.46
0.45	54.67	71.48	37.04
0.11	15.88	49.39	87.10
0.00	23.46	62.16	63.16
0.79	77.40	76.05	24.00
0.00	10.60	54.68	77.78
0.26	33.95	63.45	40.82
0.22	30.65	61.17	53.57
0.00	34.74	60.61	64.00
0.37	41.79	60.31	40.91
0.47	52.66	69.44	41.79
0.19	25.27	53.11	62.86
0.00	31.24	71.19	57.14
0.00	18.46	47.67	68.00
0.00	16.72	51.67	72.97
0.16	22.37	47.43	66.67
0.16	25.58	50.33	79.31
0.19	35.19	61.15	52.83
0.24	31.04	56.92	51.85
0.00	8.84	46.69	74.07
0.00	4.79	47.95	95.24
0.00	3.76	23.65	88.00
0.00	22.89	49.55	54.55
0.00	33.28	45.65	47.06
0.00	24.45	67.00	40.00
0.32	39.74	53.58	45.00
0.19	19.23	45.64	95.00
0.29	36.26	56.15	66.67
0.35	34.17	69.75	30.00
0.11	14.08	45.01	70.97
0.20	24.11	54.27	62.22
0.10	14.37	45.88	100.00
0.61	72.00	78.77	45.28
0.13	20.05	46.91	78.57
0.15	17.02	59.41	352.00
0.00	0.57	38.01	179.49
0.25	32.59	58.12	65.12
0.37	41.80	74.74	58.82
0.87	88.95	87.15	14.29
0.00	13.34	48.14	68.29
0.23	31.55	54.72	92.00
0.00	15.84	68.99	59.26
0.35	40.51	48.21	43.48
0.00	21.02	57.12	102.70
0.00	9.82	49.45	81.08
0.14	18.80	40.46	76.67
0.00	23.24	50.86	66.67
1.00	100.00	86.13	20.51
0.00	16.56	32.08	81.63
0.00	10.55	31.45	70.59
0.17	34.57	53.69	63.64
0.00	13.57	46.17	64.15
0.37	46.79	55.82	61.02
0.28	27.64	52.12	68.18
0.40	43.38	58.15	40.00
0.27	40.02	72.44	55.17
0.51	58.76	60.19	36.36
0.36	38.62	56.86	66.67
0.49	55.18	66.59	30.30
0.20	25.56	53.63	60.87
0.38	39.93	55.44	42.86
0.24	24.47	56.91	65.00
0.00	7.99	36.69	93.33
0.33	38.88	56.42	61.54
0.41	53.71	79.61	50.00
0.45	42.61	71.66	52.17
0.15	26.93	58.01	57.14
0.16	20.98	59.28	79.17
0.00	49.01	61.58	32.00
0.00	10.21	53.99	87.80
0.14	15.27	50.48	76.92
0.81	70.71	82.89	15.38
0.19	27.38	63.90	65.67
0.37	38.14	82.85	53.33
0.78	80.03	95.99	6.90
0.00	12.55	51.80	62.50
0.24	32.59	62.03	41.38
0.00	50.00	70.15	13.33
0.35	31.31	57.67	66.67
0.00	14.92	66.11	55.56
0.00	24.38	62.03	60.87
0.33	56.38	76.43	44.44
0.37	32.26	61.16	42.42
0.00	8.60	48.75	78.95
0.54	60.29	72.39	34.48
0.33	54.75	87.65	32.00
0.44	46.51	52.42	52.94
0.00	26.63	59.34	72.00
0.37	49.18	69.10	41.03
0.00	18.52	36.58	84.62
0.16	21.01	48.20	73.68
0.44	55.49	69.38	42.11
0.00	36.19	62.52	43.48
0.42	53.50	59.53	45.90
0.43	49.57	68.72	40.00
0.00	16.68	42.32	58.06
0.23	29.90	45.83	53.85
0.16	26.38	49.46	64.22
0.32	51.06	69.68	45.71
0.19	38.66	62.70	47.06
0.50	52.14	72.81	36.73
0.23	31.28	54.62	51.06
0.21	26.68	61.12	61.90
0.14	18.18	60.65	65.62
0.17	20.76	52.46	78.95
0.37	40.90	55.58	52.94
0.34	41.65	62.33	53.85
0.50	54.28	66.20	38.89
0.00	24.84	65.19	53.06
0.27	37.83	53.57	56.60
0.34	43.79	70.38	57.14
0.43	54.46	59.65	55.26
0.35	54.55	57.52	48.28
0.47	58.09	73.58	23.08
0.47	55.64	76.46	19.35
0.50	58.62	66.03	45.00
0.59	67.03	85.28	18.18
0.00	15.44	53.69	62.86
0.33	41.07	69.19	45.71
0.31	42.61	65.36	56.60
0.64	73.62	86.30	30.00
0.63	68.54	77.59	32.84
0.89	92.11	96.33	4.17
0.00	22.06	50.06	76.47
0.51	59.71	85.58	23.53
0.54	55.00	79.68	35.71
0.50	55.87	78.47	37.29
0.69	70.00	71.33	25.45
0.73	79.30	80.24	26.51
0.81	76.61	84.24	19.05
0.32	36.04	60.77	60.61
0.31	39.01	61.72	48.98
0.58	64.23	70.53	32.26
0.33	42.66	58.86	62.86
0.17	25.87	55.29	68.29
0.40	48.90	62.94	37.04
0.48	53.43	67.36	39.44
0.45	47.63	66.57	41.03
0.35	38.77	66.81	47.89
0.34	40.58	63.08	58.33
0.36	42.94	58.87	60.47
0.00	23.90	47.07	60.00
0.53	56.48	70.32	38.60
0.51	46.21	80.17	36.84
0.36	43.22	68.69	49.23
0.38	47.75	43.69	63.16
0.72	74.74	85.30	21.62
0.34	32.65	77.24	40.00
0.00	15.14	67.64	40.00
0.46	52.87	79.02	34.04
0.49	56.10	69.14	37.50
0.27	29.28	49.25	55.56
0.00	18.32	37.78	68.97
0.61	54.37	58.02	53.85
0.00	31.56	74.80	47.06
0.60	67.93	80.83	23.73
0.00	23.35	58.95	63.16
0.78	67.00	95.66	11.11
0.43	53.41	63.55	52.94
0.66	71.84	78.52	22.22
0.50	51.87	61.26	32.00
0.32	37.49	69.87	53.85
0.18	18.54	47.27	71.43
0.00	22.23	70.45	32.26
0.24	36.79	59.52	55.17
0.36	41.61	64.34	33.33
0.55	60.06	82.53	35.29
0.63	67.96	80.44	26.09
0.40	44.77	66.54	26.67
0.23	22.48	67.46	61.22
0.55	58.06	73.75	28.57
0.43	44.68	69.25	30.43
0.00	18.06	47.70	70.59
0.35	44.16	66.00	56.25
0.31	40.86	59.76	52.94
0.27	31.88	60.86	55.32
0.22	34.39	68.33	54.55
0.00	18.76	55.26	60.00
0.00	39.67	73.17	50.00
0.34	43.68	61.27	61.54
0.00	9.70	63.55	66.67
0.18	24.34	55.06	68.29
0.00	14.31	47.77	61.54
0.27	34.20	58.71	75.00
0.00	11.06	41.82	58.54
0.00	16.74	50.06	64.52
0.36	39.64	66.84	41.51
0.00	8.55	50.04	76.19
0.00	6.66	45.59	81.48
0.20	29.31	49.26	62.96
0.00	12.50	41.84	84.06
0.30	33.63	48.62	62.37
0.20	26.56	41.85	60.00
0.00	10.92	49.08	90.32
0.00	12.46	38.90	75.00
0.38	52.46	60.05	48.00
0.22	22.49	52.05	62.50
0.00	12.96	34.82	62.50
0.00	17.84	47.06	75.00
0.00	4.69	40.22	97.78
0.00	17.04	46.72	65.00
0.15	19.82	40.56	68.66
0.64	59.46	75.01	12.50
0.40	43.36	61.81	53.33
0.00	10.30	37.81	75.00
0.00	12.84	47.36	76.06
0.36	37.84	61.79	49.44
0.11	20.36	40.63	75.86
0.00	19.75	46.50	83.33
0.00	14.24	40.78	60.47
0.00	9.70	45.38	81.25
0.00	5.70	26.48	80.00
0.00	11.34	51.64	77.78
0.68	72.49	81.95	21.05
0.25	36.95	58.98	43.24
0.50	66.32	73.84	27.27
0.25	24.60	62.41	41.67
0.43	61.84	60.13	44.44
0.58	69.44	89.81	22.22
0.37	63.33	64.49	35.71
0.00	20.56	51.62	100.00
0.32	45.05	58.12	56.00
0.50	58.88	84.40	38.46
0.00	21.41	44.40	74.07
0.29	61.55	75.04	44.44
0.00	16.62	52.58	70.59
0.00	10.59	41.37	70.00
0.38	48.82	78.19	37.50
0.00	29.42	57.20	63.64
0.00	9.84	41.17	80.00
0.39	46.89	67.63	40.00
0.00	19.64	58.29	46.15
0.26	35.47	48.60	59.02
0.00	100.00	100.00	0.00
0.54	66.03	83.49	26.67
0.00	24.81	48.21	57.14
0.40	45.57	66.86	40.00
0.45	55.72	63.35	55.42
0.00	5.52	23.78	81.82
0.30	41.54	61.01	63.33
0.24	27.75	52.60	66.67
0.44	51.13	64.51	52.31
0.00	18.47	61.13	71.43
0.00	21.93	44.27	66.67
0.48	54.34	76.53	20.00
0.31	33.57	48.81	52.17
0.69	63.82	77.11	34.78
0.59	54.25	61.74	46.51
0.34	45.69	51.05	48.78
0.00	7.34	34.71	78.57
0.20	28.49	54.92	93.33
0.00	9.86	37.94	90.00
0.00	18.61	44.48	82.76
0.00	10.60	53.23	100.00
0.53	62.13	64.98	50.00
0.00	13.68	51.61	70.97
0.50	50.82	68.76	34.78
0.22	25.42	48.60	78.43
0.00	14.38	47.78	83.33
0.00	29.15	52.07	54.55
0.00	14.32	39.19	106.67
0.15	23.05	59.41	71.11
0.00	7.52	50.81	120.00
0.50	55.50	69.29	42.11
0.48	51.54	59.00	45.71
0.00	12.55	56.46	52.63
0.28	52.17	75.32	44.90
0.46	51.32	71.20	48.78
0.24	28.76	55.24	68.29
0.29	36.62	64.35	52.63
0.31	34.67	72.16	40.00
0.00	24.20	65.43	60.87
0.28	32.77	64.69	71.43
0.00	12.26	59.51	62.50
0.16	23.09	44.36	69.14
0.00	13.14	57.25	65.62
0.21	34.62	62.12	47.37
0.25	28.72	46.56	66.67
0.00	9.85	53.56	87.50
0.69	70.40	66.93	28.57
0.00	18.93	51.97	69.57
0.30	38.37	64.27	48.48
0.00	12.76	64.03	54.55
0.00	21.14	49.87	53.85
0.25	33.97	52.54	53.57
0.19	29.05	55.94	57.78
0.24	37.50	76.81	42.11
0.22	32.45	57.65	60.22
0.00	17.99	42.59	77.78
0.00	22.95	56.69	63.04
0.76	86.33	99.55	16.67
0.45	59.94	82.97	22.86
0.88	82.65	97.31	10.00
0.60	67.25	77.52	30.77
0.00	20.24	60.34	59.26
0.00	16.08	53.14	57.14
0.74	77.60	81.18	23.08
0.98	98.16	93.99	6.67
0.76	75.06	95.41	15.38
0.57	66.95	83.65	21.05
0.42	44.12	81.28	25.00
0.29	40.33	66.39	58.33
0.41	46.59	73.51	41.67
0.59	54.91	74.97	30.00
0.40	45.02	74.39	42.86
0.50	61.00	75.02	32.43
0.34	48.90	62.14	60.61
0.58	67.04	83.59	21.05
0.50	50.89	81.91	36.36
0.00	14.58	45.78	71.43
0.00	8.91	40.63	90.00
0.36	50.05	74.89	44.44
0.34	38.50	59.00	54.29
0.20	21.27	53.35	66.67
0.41	48.79	70.35	36.84
0.56	63.48	72.56	30.43
0.17	18.67	58.81	59.57
0.46	55.00	62.88	45.71
0.36	44.63	70.79	45.61
0.00	37.99	80.52	60.00
0.00	3.24	42.78	104.00
0.31	32.83	55.58	61.73
0.00	33.24	52.93	36.36
0.25	30.59	68.56	51.85
0.00	30.60	63.58	52.63
0.00	18.20	57.42	62.86
0.26	36.64	61.00	43.64
0.14	20.94	46.95	55.38
0.49	51.29	65.59	49.12
0.54	77.65	90.04	34.78
0.22	32.18	67.78	55.32
0.48	55.93	68.03	39.29
0.38	49.84	72.72	38.46
0.00	8.74	48.00	100.00
0.40	45.77	64.84	41.67
0.19	20.58	63.92	44.90
0.17	25.57	60.98	66.67
0.40	41.28	69.60	50.00
0.25	28.39	64.09	57.58
0.55	61.25	79.00	39.44
0.00	5.52	26.22	87.50
0.00	16.30	57.78	63.16
0.33	41.52	64.96	58.06
0.55	59.23	82.80	27.27
0.43	44.53	54.26	46.15
0.33	37.45	74.42	29.79
0.00	22.72	49.99	72.73
0.28	29.44	59.45	59.26
0.32	40.69	70.96	62.50
0.00	20.40	54.34	78.26
0.00	14.31	63.40	52.63
0.24	34.41	66.30	48.98
0.24	21.25	70.75	53.85
0.23	29.13	57.62	69.23
0.00	30.79	65.57	50.00
0.00	13.83	39.42	64.29
0.24	30.62	47.23	58.33
0.35	36.75	59.49	55.17
0.00	11.03	44.44	73.91
0.00	13.10	56.10	65.00
0.00	40.00	71.68	58.06
0.36	37.76	59.20	43.04
0.80	83.61	84.78	10.26
0.00	30.09	50.71	79.17
0.50	53.60	72.98	22.22
0.21	24.40	54.26	71.70
0.21	31.64	50.10	60.00
0.60	96.22	71.34	30.77
0.29	37.42	64.07	59.26
0.26	36.34	63.98	55.74
0.40	60.17	59.26	57.14
0.33	41.49	58.52	49.23
0.00	8.85	56.57	82.76
0.23	32.89	55.80	52.46
0.00	10.02	45.56	73.68
0.19	35.15	62.75	49.18
0.00	18.67	46.20	68.42
0.00	24.85	48.78	64.86
0.43	52.33	54.94	46.15
0.43	45.63	54.73	53.85
0.29	35.41	49.28	60.47
0.33	40.90	64.04	53.85
0.00	5.26	25.56	97.67
0.00	7.43	41.06	95.24
0.21	26.75	51.31	73.53
0.00	22.48	44.73	66.67
0.37	47.31	61.16	54.79
0.28	42.78	58.54	55.56
0.00	15.94	48.62	73.17
0.16	22.18	59.55	56.60
0.00	23.42	54.23	78.26
0.11	13.57	52.25	75.29
0.47	49.48	72.61	30.77
0.15	31.48	43.15	60.71
0.28	30.38	50.34	68.04
0.37	31.56	58.06	44.44
0.22	24.42	60.11	45.00
0.00	9.34	54.55	66.67
0.63	67.18	70.77	47.62
0.33	42.46	72.68	66.67
0.30	36.86	68.92	30.00
0.45	47.99	69.27	30.00
0.30	33.08	67.95	54.55
0.42	43.67	87.43	27.27
0.00	63.89	65.83	47.06
0.46	52.05	59.86	53.33
0.00	21.97	47.74	45.45
0.39	44.23	66.00	54.79
0.76	75.91	77.84	11.76
0.33	33.91	49.73	61.54
0.33	37.88	65.55	38.71
0.00	15.84	32.71	56.25
0.85	85.85	91.56	11.54
0.34	37.84	67.51	61.90
0.53	56.59	64.39	47.62
0.43	49.39	73.97	37.68
0.00	26.59	58.40	76.36
0.00	29.18	48.39	75.76
0.17	21.33	60.58	78.95
0.42	56.76	70.58	42.55
0.28	37.16	53.77	57.63
0.45	49.37	59.71	50.98
0.00	12.23	39.74	70.83
0.61	60.99	76.38	41.94
0.12	15.65	63.13	71.05
0.30	39.29	62.57	58.33
0.27	43.14	72.39	43.33
0.30	37.76	66.85	57.69
0.22	28.19	51.85	55.17
0.45	50.43	75.70	31.19
0.38	55.80	69.18	44.74
0.11	14.54	43.25	95.24
0.35	65.91	73.69	65.31
0.66	69.69	83.92	25.53
0.20	25.41	48.18	69.39
0.37	38.34	63.63	56.47
0.36	46.01	69.87	48.57
0.29	30.49	64.25	45.87
0.83	84.54	86.06	18.67
0.20	21.37	59.86	66.67
0.26	29.59	57.26	64.00
0.00	16.54	54.85	56.00
0.30	31.99	65.34	56.41
0.00	17.06	60.10	52.38
0.00	23.65	41.92	70.97
0.62	54.75	68.53	41.38
0.00	9.03	53.80	100.00
0.15	20.90	53.42	54.55
0.23	28.43	56.70	57.14
0.31	27.35	63.15	57.89
0.00	16.43	48.57	60.71
0.68	72.53	90.09	28.57
0.00	17.27	54.40	69.44
0.00	10.55	36.95	70.59
0.34	43.95	68.29	53.73
0.34	37.84	67.53	57.89
0.35	48.37	63.76	47.89
0.35	45.65	62.29	62.86
0.00	16.54	48.38	78.79
0.18	32.47	51.42	71.43
0.19	30.77	51.18	72.73
0.50	62.26	69.71	43.14
0.19	25.54	52.78	46.81
0.38	41.10	64.46	55.81
0.25	24.81	59.77	64.29
0.30	33.53	49.52	62.50
0.00	33.25	61.71	45.16
0.30	34.60	48.15	61.90
0.26	28.74	50.65	60.47
0.11	17.07	44.60	77.23
0.28	34.97	48.85	69.09
0.39	44.63	66.70	50.00
0.13	28.93	48.75	72.00
0.73	77.28	91.51	13.64
0.65	71.37	81.95	26.32
0.32	38.61	54.35	50.00
0.14	21.82	46.79	67.69
0.30	39.20	63.60	55.56
0.00	17.24	45.04	66.67
0.29	32.04	66.80	68.57
0.26	24.45	61.77	69.09
0.00	16.96	50.44	62.50
0.33	36.37	59.66	51.52
0.00	20.13	66.38	75.00
0.15	19.57	52.89	95.65
0.22	23.25	54.83	55.56
0.35	34.37	52.17	69.57
0.43	48.07	65.29	55.81
0.17	27.86	52.75	69.39
0.00	12.94	40.02	62.07
0.69	66.96	73.44	29.79
0.12	17.98	54.60	67.44
0.00	18.92	44.53	100.00
0.00	11.12	38.54	93.33
0.21	31.53	54.95	72.73
0.00	6.29	28.74	82.05
0.00	10.83	38.44	66.67
0.40	49.62	87.28	20.00
0.21	24.21	52.99	60.00
0.00	16.83	60.21	60.32
0.66	73.49	83.94	9.09
0.00	20.56	64.52	60.00
0.29	33.52	64.58	57.14
0.00	39.76	85.07	57.14
0.00	19.52	46.94	68.97
0.00	11.20	44.02	64.29
0.00	11.73	47.50	75.00
0.00	50.81	90.55	40.00
0.29	44.65	50.76	43.75
0.15	25.25	46.04	70.00
0.15	20.70	48.65	72.73
0.00	42.73	43.01	25.00
0.44	45.31	75.41	46.15
0.00	21.89	40.59	68.97
0.31	33.90	44.47	75.00
0.00	100.00	100.00	0.00
0.00	6.59	34.88	81.25
0.22	29.90	57.83	46.67
0.22	27.67	61.59	73.68
0.00	10.68	37.30	100.00
0.00	29.18	51.10	64.00
0.00	12.85	35.40	78.79
0.55	63.82	74.33	28.57
0.00	70.71	84.34	25.00
0.62	65.26	69.68	20.69
0.28	37.57	43.77	55.81
0.37	41.77	54.83	61.22
0.88	89.32	99.71	9.52
0.68	76.13	81.77	12.50
0.45	50.28	74.90	40.91
0.74	70.77	74.88	17.39
0.00	4.51	34.48	81.82
0.47	48.33	58.69	33.33
0.54	63.69	70.76	27.03
0.63	67.04	70.27	33.33
0.67	68.27	74.99	20.41
0.61	60.70	78.28	33.77
0.00	7.13	44.42	65.22
0.59	67.87	76.57	33.33
0.42	48.75	58.85	56.41
0.36	36.54	57.66	71.11
0.51	56.55	74.42	33.33
0.00	8.00	49.77	82.35
0.40	42.73	59.40	54.17
0.48	48.06	79.01	36.84
0.79	76.25	79.93	25.00
0.19	22.58	44.05	89.80
0.29	49.66	73.75	40.00
0.45	46.46	68.28	43.24
0.30	36.86	55.30	58.82
0.54	56.01	58.55	33.33
0.65	70.21	83.56	25.00
0.41	52.17	68.48	45.00
0.00	13.38	52.03	67.92
0.53	60.82	68.09	34.38
0.00	10.65	40.69	71.11
0.17	23.71	47.34	61.11
0.00	12.87	50.59	71.43
0.52	57.88	68.66	50.00
0.00	13.52	40.78	69.23
0.18	19.40	46.55	74.63
0.59	69.43	75.87	35.00
0.25	27.27	57.40	66.67
0.40	47.32	62.42	61.54
0.00	6.17	38.93	63.64
0.29	29.42	65.31	55.07
0.00	12.90	58.05	80.00
0.30	39.24	52.70	57.89
0.32	33.85	61.22	63.16
0.27	36.66	48.47	68.49
0.00	6.81	47.91	83.87
0.24	43.32	59.37	59.46
0.00	17.31	49.78	73.33
0.14	19.05	55.34	65.71
0.32	54.12	71.58	30.77
0.00	8.77	41.59	71.43
0.25	45.51	64.36	43.24
0.00	14.42	45.51	71.43
0.26	26.58	54.30	66.67
0.14	22.90	49.56	68.09
0.38	50.27	62.16	42.62
0.29	36.62	58.30	52.05
0.66	67.71	72.02	29.79
0.37	40.57	57.05	51.28
0.16	17.12	54.30	65.31
0.37	38.75	69.41	45.28
0.13	23.36	38.99	65.31
0.55	57.31	90.71	16.00
0.37	42.31	71.36	42.55
0.74	74.83	85.66	17.65
0.33	40.33	72.80	34.48
0.28	37.31	57.61	55.00
0.16	16.17	53.21	75.00
0.00	16.34	53.77	57.14
0.40	45.72	57.27	44.44
0.41	39.50	69.72	61.54
0.50	55.14	69.07	34.48
0.43	53.48	61.78	62.50
0.62	66.38	78.47	33.33
0.56	62.34	77.55	24.00
0.34	45.16	64.24	52.00
0.00	20.24	69.54	37.04
0.26	43.35	59.83	61.11
0.78	81.54	88.39	6.45
0.51	57.98	76.55	32.14
0.36	39.38	68.44	46.15
0.38	41.68	64.70	61.54
0.25	24.49	64.70	64.94
0.55	60.29	75.30	32.84
0.57	64.86	66.36	30.77
0.00	26.63	51.51	69.23
0.45	53.46	68.57	45.45
0.40	52.76	63.88	60.00
0.53	55.56	78.72	26.97
0.46	50.58	76.52	33.33
0.30	35.99	62.62	54.05
0.52	59.58	76.22	38.36
1.00	100.00	92.05	17.02
0.50	57.01	70.96	43.14
0.44	57.25	71.18	47.76
0.75	77.25	82.75	30.30
0.56	59.33	76.25	25.00
0.46	52.73	69.77	42.86
0.50	58.64	79.51	33.85
0.83	84.74	91.00	8.82
0.69	69.24	87.84	25.00
0.00	15.13	56.89	58.33
0.58	54.12	57.36	44.44
0.26	43.04	69.05	74.29
0.00	18.75	42.22	65.00
0.30	41.77	71.09	42.86
0.43	54.50	61.79	40.68
0.41	59.63	65.28	68.75
0.15	27.60	42.34	60.38
0.57	68.88	91.48	21.43
0.37	54.09	70.37	54.29
0.26	37.65	53.96	60.61
0.42	53.09	62.30	53.06
0.39	59.04	79.17	28.57
0.74	76.92	93.32	10.53
0.00	5.06	54.71	95.65
0.26	39.57	74.46	52.83
0.27	34.89	62.06	49.06
0.28	48.33	68.77	54.05
0.23	34.47	55.57	55.81
0.34	45.37	78.33	42.86
0.00	10.60	56.55	88.89
0.35	42.34	65.53	41.51
0.23	21.87	49.30	68.97
0.36	39.82	64.08	45.71
0.26	26.11	50.93	57.14
0.32	44.28	58.86	48.15
0.52	60.05	69.49	32.56
0.42	59.77	60.36	33.33
0.00	19.54	52.05	41.67
0.35	38.04	58.07	54.17
0.00	8.03	36.91	87.50
0.38	35.22	57.07	34.48
0.47	50.10	63.76	37.50
0.50	58.52	65.87	41.38
0.42	52.50	67.99	47.62
0.44	47.47	54.28	27.27
0.37	49.52	83.06	25.81
0.00	17.83	47.27	66.67
0.27	42.05	63.47	27.91
0.34	45.73	68.50	45.71
0.22	34.87	68.53	57.63
0.36	48.86	66.59	44.83
0.73	74.09	81.45	23.53
0.82	77.11	86.35	25.00
0.40	56.48	65.12	42.86
0.72	76.18	80.02	25.00
0.81	84.72	77.66	28.57
0.44	52.14	73.60	43.14
0.40	51.47	72.21	41.03
0.30	31.59	62.82	60.00
0.59	54.45	78.34	18.18
0.50	53.42	69.52	26.67
0.44	44.31	70.98	43.30
0.41	52.66	70.88	48.28
0.66	70.15	81.70	29.79
0.41	38.75	59.45	56.00
0.22	36.74	65.34	57.78
0.43	50.02	64.41	43.68
0.00	29.86	55.81	58.46
0.37	42.17	69.21	50.98
0.42	43.08	62.22	34.62
0.46	52.81	64.39	48.61
0.00	25.79	61.53	44.44
0.50	61.79	73.04	30.30
0.30	31.47	61.27	60.00
0.00	24.72	55.72	58.33
0.00	15.07	41.57	76.92
0.31	38.42	64.74	49.06
0.00	17.89	50.14	64.52
0.17	26.33	57.05	59.74
0.49	55.10	77.34	36.92
0.00	66.87	99.45	20.00
0.61	69.44	77.33	31.58
0.84	83.39	82.79	13.33
0.33	37.53	61.35	48.89
0.00	40.13	76.16	47.62
0.26	39.67	60.22	43.24
0.22	21.85	61.02	70.27
0.00	8.75	35.67	80.00
0.46	42.49	69.32	41.18
0.32	36.72	65.76	52.63
0.51	58.31	75.44	42.31
0.38	50.11	76.04	35.09
0.93	93.56	87.67	10.34
0.27	38.07	61.55	65.57
0.90	92.13	86.65	18.18
0.57	59.14	70.02	35.29
0.72	82.61	85.45	28.57
0.44	53.45	72.89	37.68
0.55	63.09	75.52	31.03
0.76	80.03	88.71	8.33
0.55	61.75	80.27	31.25
0.00	28.52	69.35	35.29
0.18	26.14	67.53	61.54
0.43	51.92	71.18	60.47
0.46	51.18	78.00	25.81
0.73	71.76	91.60	16.00
0.49	55.14	61.00	61.02
0.52	58.66	78.14	38.89
0.00	11.45	53.52	64.52
0.66	67.12	84.16	19.67
0.32	40.11	62.10	45.45
0.21	27.31	54.94	72.41
0.00	15.09	52.26	110.00
0.00	7.94	42.57	55.17
0.64	63.56	79.18	11.76
0.20	23.82	60.60	78.26
0.13	16.82	56.70	90.20
0.22	30.78	67.82	104.35
0.00	14.13	43.48	14.29
0.15	25.01	60.63	73.17
0.00	11.50	63.75	55.32
0.26	27.04	63.36	77.27
0.41	44.49	67.65	49.35
0.84	82.82	90.97	6.06
0.76	74.80	86.46	14.55
0.00	56.38	66.13	31.58
0.46	49.79	74.85	38.10
0.21	29.15	58.44	64.86
0.39	44.13	73.69	41.94
0.48	50.97	68.68	36.54
0.48	56.06	66.31	49.12
0.51	57.61	77.60	42.42
1.00	100.00	100.00	0.00
0.00	10.34	55.89	73.33
0.30	39.47	56.90	47.46
0.61	62.18	75.23	36.67
0.31	36.06	59.05	37.93
0.26	42.06	58.77	52.94
0.36	45.87	68.73	45.95
0.41	39.17	53.92	64.86
0.54	53.71	75.54	38.00
0.43	42.87	66.56	52.46
0.35	32.77	67.27	71.43
0.70	70.68	77.45	23.33
0.26	35.76	64.41	40.68
0.00	33.57	84.87	28.57
0.00	11.60	58.17	61.54
0.49	49.20	69.38	46.67
0.27	34.72	54.42	62.69
0.28	29.97	59.59	61.82
0.12	20.67	56.80	65.82
0.00	29.21	58.99	44.44
0.30	35.23	58.14	45.98
0.53	58.11	68.61	38.17
0.30	44.33	76.30	44.44
0.65	66.51	78.77	21.43
0.46	56.84	75.76	24.39
0.42	54.11	65.21	45.61
0.40	48.40	69.46	44.23
0.00	21.04	65.90	43.75
0.69	83.10	79.21	20.00
0.00	8.24	36.34	60.87
0.19	31.67	57.93	54.17
0.35	37.34	56.61	58.82
0.38	55.36	65.62	43.90
0.00	33.08	72.24	43.64
0.24	48.09	60.29	63.74
0.40	50.42	68.85	49.38
0.47	52.36	65.24	52.17
0.29	35.29	68.94	56.18
0.37	41.16	72.72	27.03
0.58	65.48	72.08	31.88
0.21	36.65	58.15	62.65
0.45	50.74	62.45	53.61
0.10	30.39	60.12	65.22
0.20	38.99	72.42	56.25
0.00	19.25	47.29	60.87
0.87	88.01	83.28	21.43
0.18	24.33	54.37	114.29
0.41	38.75	72.24	35.00
0.35	41.73	57.26	50.00
0.25	29.37	74.37	40.00
0.00	18.53	53.83	68.29
0.47	55.03	69.80	40.00
0.79	82.32	81.86	27.78
0.00	34.20	72.24	28.57
0.31	29.45	61.45	57.89
0.49	51.88	69.14	36.17
0.00	8.23	55.63	83.33
0.42	48.29	61.61	44.90
0.35	43.60	66.86	48.65
0.32	38.20	55.77	50.00
0.00	22.89	55.44	84.21
0.43	53.39	69.36	45.24
1.00	100.00	100.00	0.00
0.00	19.07	32.29	66.67
0.40	40.03	71.88	40.00
0.64	73.75	67.55	35.42
0.70	80.14	73.59	37.04
0.00	17.07	52.15	62.50
0.37	42.17	59.79	50.00
0.50	59.64	58.99	41.03
0.34	40.12	48.63	72.22
0.43	45.47	64.77	43.48
0.30	43.53	72.53	63.64
0.25	38.09	58.00	48.65
0.26	31.69	63.01	76.19
0.00	17.40	41.69	92.31
0.00	10.42	37.44	74.29
0.14	20.59	53.18	81.82
0.29	37.60	64.82	47.62
0.00	18.14	43.05	73.68
0.37	41.28	65.78	46.67
0.00	13.38	40.41	68.97
0.78	81.38	79.84	23.26
0.52	51.35	58.41	26.09
0.53	58.77	81.50	20.00
0.28	29.82	64.69	50.00
0.00	11.29	39.07	73.33
0.00	12.10	51.87	58.82
0.73	76.72	84.08	20.69
0.24	28.98	60.85	47.89
0.32	35.56	77.44	37.50
0.54	58.80	62.61	46.15
0.00	10.13	45.36	76.92
0.32	36.30	60.43	54.79
0.47	59.84	79.13	23.53
0.64	68.30	86.35	18.46
0.23	31.51	51.89	70.59
0.14	21.34	53.71	72.13
0.00	12.20	45.12	75.00
0.65	63.82	70.72	28.57
0.00	33.65	56.17	68.97
0.29	29.50	59.43	58.33
0.33	34.41	57.29	55.32
0.00	11.87	50.46	66.67
0.44	51.10	72.43	31.58
0.30	32.77	69.83	46.91
0.67	68.81	78.18	30.77
0.42	44.72	59.58	51.28
0.14	19.97	51.85	78.57
0.29	39.95	67.85	57.14
0.44	44.07	72.88	43.48
0.22	22.40	54.17	66.67
0.46	61.21	71.62	31.25
0.22	38.84	70.37	51.16
0.26	36.62	50.75	54.55
0.00	13.13	42.21	80.00
0.00	15.87	39.75	71.79
0.00	11.97	54.73	121.43
0.38	42.80	79.54	40.91
0.00	11.15	42.43	70.97
0.62	61.69	76.75	25.81
0.17	20.27	55.15	58.33
0.52	56.61	72.35	31.25
0.70	72.78	81.81	23.19
0.35	33.53	67.92	49.35
0.00	19.00	11.65	66.67
0.37	40.47	58.02	51.43
0.00	12.60	51.40	66.67
0.27	35.31	68.59	55.28
0.00	12.61	39.41	63.64
0.46	44.83	81.28	35.00
0.00	28.01	57.80	52.38
0.74	77.78	89.11	13.33
0.55	59.02	79.49	28.57
0.74	79.11	84.50	9.09
0.47	71.94	70.77	27.27
0.53	54.11	70.87	33.33
0.00	42.73	65.76	50.00
0.00	5.94	40.42	87.50
0.19	32.08	53.35	61.29
0.09	14.59	52.24	72.22
0.00	8.65	51.43	71.05
0.07	17.32	46.50	80.95
0.00	10.01	47.87	75.76
0.17	21.92	54.82	88.46
0.18	25.50	56.66	55.05
0.07	13.89	44.29	76.47
0.22	29.97	55.67	57.14
0.00	8.57	48.32	84.00
0.00	9.80	29.67	70.59
0.89	84.86	94.48	8.70
0.37	45.01	67.11	47.62
0.51	51.48	74.16	26.09
0.45	51.98	76.95	36.73
0.38	41.95	62.15	41.18
0.51	51.65	74.40	31.82
0.38	47.08	77.31	29.41
0.55	57.29	72.48	43.48
0.57	59.05	74.08	28.57
0.46	51.12	76.54	31.37
0.00	6.66	40.65	81.48
0.16	23.14	43.80	73.17
0.00	35.63	57.50	86.96
0.46	54.47	52.31	59.26
0.13	20.75	41.45	67.50
0.45	49.58	58.36	48.48
0.00	15.40	40.25	80.00
0.00	10.55	62.46	94.12
0.37	33.26	57.64	60.00
0.39	43.72	67.27	54.17
0.75	79.28	93.42	10.26
0.45	49.53	68.13	62.07
0.41	44.28	59.99	56.25
0.00	10.39	51.82	73.68
0.41	48.33	69.33	40.00
0.47	45.72	69.29	56.00
0.00	6.27	45.87	109.09
0.00	10.88	30.49	78.57
0.18	31.35	51.50	48.15
0.15	15.77	41.63	78.79
0.00	22.61	53.69	64.41
0.00	4.25	35.67	95.24
0.00	20.90	51.74	89.80
0.32	30.99	54.51	51.28
0.34	43.92	61.84	50.00
0.00	5.98	39.82	90.32
0.16	25.23	53.03	79.07
0.00	4.79	23.13	85.71
0.34	35.92	71.10	48.98
0.64	63.51	72.53	30.77
0.15	20.02	55.53	72.22
0.45	50.94	67.11	32.00
0.30	40.13	61.39	47.76
0.00	16.25	35.29	64.86
0.20	27.36	46.44	62.50
0.00	19.80	49.84	83.72
0.54	64.35	82.98	20.00
0.00	9.42	48.33	74.07
0.00	2.72	31.17	83.87
0.00	17.04	32.18	64.71
0.00	7.54	30.91	86.67
0.45	60.34	86.70	23.53
0.35	42.67	67.65	43.24
0.27	30.71	61.27	50.98
0.23	26.92	69.59	61.54
0.43	47.20	62.84	41.30
0.00	17.06	66.29	46.51
0.00	22.02	52.85	71.43
0.29	27.84	59.29	64.00
0.46	52.72	70.64	41.03
0.00	23.46	56.29	60.87
0.70	66.06	65.48	28.57
0.18	22.76	57.07	79.17
0.00	21.13	50.20	87.18
0.16	23.15	42.65	61.90
0.23	26.44	62.24	57.58
0.00	19.72	74.88	85.71
0.29	32.87	66.96	42.31
0.23	35.27	55.29	58.33
0.00	13.46	52.44	95.24
0.00	10.11	47.60	87.50
0.28	45.37	74.31	36.36
0.54	57.07	70.16	36.36
0.13	20.33	48.68	95.24
0.00	10.60	49.98	63.16
0.26	38.85	63.75	67.53
0.14	23.00	62.29	64.20
0.36	39.29	65.56	55.56
0.27	31.51	56.92	67.31
0.33	41.71	68.26	34.92
0.29	27.61	39.88	60.00
0.41	43.73	63.95	34.04
0.39	41.23	72.93	47.37
0.35	41.74	50.36	68.09
0.00	13.83	51.22	100.00
0.54	62.37	74.71	21.74
0.59	63.08	77.55	37.84
0.00	49.86	58.40	45.45
